word,count,type,freq,ln(freq),hsk
听故事说中文,2,token,,,
故事说中文,3,token,,,
事说,4,token,,,
说中,5,token,,,
说中文,4,token,,,
听得越多说,2,token,,,
得越,3,token,,,
越多,4,token,,,
多,54,unknown,,,
说得,2,token,,,
越好,2,token,,,
故事解读,3,token,,,
解读故事,2,token,,,
期的,2,token,,,
的节,6,token,,,
的节目,2,token,,,
我们的,6,token,,,
们的,12,token,,,
在这里,2,token,,,
谢我们的,2,token,,,
你们的支持,2,token,,,
的支持,3,token,,,
就没,4,token,,,
就没有,2,token,,,
有这,2,token,,,
这一,6,token,,,
一,182,unknown,,,
的故事,5,token,,,
非常好,2,token,,,
们就,3,token,,,
有一,19,token,,,
有一个,13,token,,,
一个,75,token,,,
个安,2,token,,,
的端午节,6,token,,,
说到,5,token,,,
今年的端午节,3,token,,,
年的,6,token,,,
做了,9,token,,,
做了什么,5,token,,,
做了什么呢,2,token,,,
了什么,6,token,,,
什么呢,6,token,,,
吃粽子,16,token,,,
吃粽子了,3,token,,,
了吗,3,token,,,
吃了,2,token,,,
馅的,2,token,,,
吃的,8,token,,,
的是,3,token,,,
肉的,2,token,,,
咸的,2,token,,,
是吧,55,token,,,
你想,7,token,,,
我在,6,token,,,
我在哪里吃的,2,token,,,
在哪,5,token,,,
在哪里吃的,3,token,,,
里吃,4,token,,,
吃的吗,2,token,,,
的吗,5,token,,,
你在,3,token,,,
也是,14,token,,,
是我,11,token,,,
我们不,5,token,,,
我们不是,3,token,,,
们不,8,token,,,
们不是,4,token,,,
不是在,3,token,,,
是在,11,token,,,
是在一,3,token,,,
是在一个,2,token,,,
在一,18,token,,,
在一个,4,token,,,
一个地方,2,token,,,
个地方,6,token,,,
没错,18,token,,,
你是,4,token,,,
是不,14,token,,,
还在,2,token,,,
其实我,3,token,,,
其实我们,2,token,,,
们是,5,token,,,
个朋友,2,token,,,
过的,4,token,,,
他们做了,2,token,,,
们做,3,token,,,
了粽子,3,token,,,
到这个,2,token,,,
这个粽子,2,token,,,
粽子呀,2,token,,,
我后来才,2,token,,,
知道在中国,2,token,,,
在中国,21,token,,,
不同的,2,token,,,
的地方,8,token,,,
地方有,2,token,,,
不一样的,3,token,,,
一样的,7,token,,,
样的,14,token,,,
的粽子,11,token,,,
就是在,5,token,,,
就是在中国,3,token,,,
是在中国,4,token,,,
在中国的,4,token,,,
中国的,11,token,,,
国的,25,token,,,
它的,2,token,,,
粽子是,3,token,,,
所以我,5,token,,,
我的,12,token,,,
我的老家,2,token,,,
的老,5,token,,,
老家在,2,token,,,
家在,3,token,,,
所以我们,2,token,,,
我们那,5,token,,,
吃粽子的,2,token,,,
子的,4,token,,,
的话,13,token,,,
一般是,4,token,,,
你们吃,2,token,,,
们吃,5,token,,,
甜的,3,token,,,
甜的粽子,2,token,,,
也不,2,token,,,
就是一,6,token,,,
就是一般是,2,token,,,
是一,31,token,,,
是用,4,token,,,
红枣或,2,token,,,
或者是,2,token,,,
在一起,11,token,,,
在一起做,2,token,,,
做的,18,token,,,
后有,4,token,,,
的时,25,token,,,
的时候,24,token,,,
时候你,2,token,,,
你可以,7,token,,,
点,6,unknown,,,
那我,4,token,,,
我不,4,token,,,
所以你,4,token,,,
是说,12,token,,,
粽子里面,2,token,,,
里面的,4,token,,,
我以,3,token,,,
我以前,2,token,,,
都不,2,token,,,
还可以,2,token,,,
我觉得,9,token,,,
得很,2,token,,,
很有,8,token,,,
很有意思,2,token,,,
因为我,5,token,,,
来我,2,token,,,
我去,3,token,,,
我说,2,token,,,
怎么还有甜的,2,token,,,
但是我,3,token,,,
第一,2,token,,,
一次,2,token,,,
十,4,unknown,,,
三,7,unknown,,,
在我,6,token,,,
在我的,2,token,,,
个小,8,token,,,
那个时候,4,token,,,
个时,5,token,,,
有吃,2,token,,,
的这,7,token,,,
的这个,3,token,,,
个说法,2,token,,,
所以大家,3,token,,,
大家还,3,token,,,
要去,2,token,,,
地方大家,2,token,,,
大家都,2,token,,,
家都,3,token,,,
还真,2,token,,,
真的,3,token,,,
的不,3,token,,,
不吃,2,token,,,
那你,2,token,,,
前我,2,token,,,
我记,4,token,,,
我记得,3,token,,,
记得我,3,token,,,
记得我们,2,token,,,
得我,5,token,,,
得我们,3,token,,,
我们会,3,token,,,
会吃,3,token,,,
咸鸭蛋,4,token,,,
的蛋,2,token,,,
然后你,3,token,,,
你把,2,token,,,
把它,2,token,,,
有的人,6,token,,,
的人,39,token,,,
的人也,3,token,,,
人也,5,token,,,
也会,2,token,,,
放在,6,token,,,
咸蛋黄,2,token,,,
多人,9,token,,,
人都,4,token,,,
很喜欢,2,token,,,
你记得,3,token,,,
你记得我,2,token,,,
做的粽子,2,token,,,
子就,2,token,,,
就是五,4,token,,,
是五,6,token,,,
是五花肉,2,token,,,
五,60,unknown,,,
五花,11,token,,,
把五花,2,token,,,
然后把,2,token,,,
放在一,3,token,,,
放在一起,2,token,,,
就是很,6,token,,,
是很,8,token,,,
肉啊,2,token,,,
就是有,5,token,,,
就是有五种,2,token,,,
是有,9,token,,,
是有五种,3,token,,,
是有五种花,2,token,,,
的肉,2,token,,,
就是那,2,token,,,
上的,2,token,,,
叫五,4,token,,,
叫五花,3,token,,,
叫五花肉,2,token,,,
是有一,2,token,,,
一点,2,unknown,,,
还有一,5,token,,,
什么叫,2,token,,,
我妈,3,token,,,
常说,2,token,,,
五花三层肉,2,token,,,
三层,3,token,,,
二,2,unknown,,,
对对对,4,token,,,
那我们,2,token,,,
我们来,2,token,,,
一下这个,2,token,,,
这个故事,5,token,,,
故事吧,2,token,,,
讲故事,3,token,,,
我还,5,token,,,
我还想,2,token,,,
还想,3,token,,,
还想问,2,token,,,
问你,3,token,,,
一件事,4,token,,,
一件事情,2,token,,,
件事,7,token,,,
件事情,4,token,,,
你还,6,token,,,
问我,2,token,,,
我一,2,token,,,
一个事情,3,token,,,
个事情,5,token,,,
不可以,4,token,,,
除了吃粽子以外,3,token,,,
粽子以外,4,token,,,
你还做,2,token,,,
还做,4,token,,,
还做什么,3,token,,,
还做什么了,2,token,,,
做什么,12,token,,,
么了,4,token,,,
对了,7,token,,,
你不,8,token,,,
因为我记得,2,token,,,
赛龙舟啊,2,token,,,
龙舟啊,3,token,,,
还赛龙舟,2,token,,,
赛龙舟了,2,token,,,
龙舟比赛,7,token,,,
你去,2,token,,,
在家里,2,token,,,
在客厅,2,token,,,
么比赛,2,token,,,
两个,5,token,,,
个孩子,3,token,,,
个很,8,token,,,
大的,7,token,,,
的纸盒做,2,token,,,
做了两,2,token,,,
你知道,5,token,,,
个小孩,3,token,,,
子很,2,token,,,
很小,2,token,,,
有很多,15,token,,,
们把,3,token,,,
成了,2,token,,,
所以这,12,token,,,
所以这个,7,token,,,
盒子做,2,token,,,
做龙的,2,token,,,
龙的,3,token,,,
的身体,4,token,,,
别的,13,token,,,
了这,5,token,,,
了这个,4,token,,,
就是你,6,token,,,
是你,9,token,,,
的时候就是,2,token,,,
放到,3,token,,,
放到水里,2,token,,,
里的,4,token,,,
的那,3,token,,,
个东西,5,token,,,
你的,22,token,,,
那个叫,2,token,,,
个叫,16,token,,,
看到了,2,token,,,
对啊,2,token,,,
应该是,3,token,,,
应该是爸爸,2,token,,,
叫我,2,token,,,
所以两,2,token,,,
一个小,2,token,,,
敲鼓,14,token,,,
时候会,2,token,,,
会有,7,token,,,
人在,3,token,,,
我们有一个,2,token,,,
有一个孩子,2,token,,,
然后有,3,token,,,
然后有一个,2,token,,,
划龙舟,6,token,,,
也在,3,token,,,
就是他,4,token,,,
就是他们,2,token,,,
是他,7,token,,,
是他们,3,token,,,
玩的,2,token,,,
其实在,3,token,,,
其实在我,2,token,,,
我老家,2,token,,,
我们除了吃粽子以外,2,token,,,
那是,2,token,,,
有什么,3,token,,,
水的,2,token,,,
一种,3,token,,,
五彩绳,7,token,,,
努力的,2,token,,,
力的,3,token,,,
的在,4,token,,,
色的绳,2,token,,,
的手,2,token,,,
的在一起,2,token,,,
说这,7,token,,,
对你,3,token,,,
你很,3,token,,,
是辟邪的,2,token,,,
辟邪的,3,token,,,
不好,12,token,,,
不好的,10,token,,,
不好的运气,2,token,,,
好的,12,token,,,
离开你,2,token,,,
开你,3,token,,,
就是在中国很多,2,token,,,
很多的,14,token,,,
多的,16,token,,,
人会,3,token,,,
会告,2,token,,,
诉你,3,token,,,
这个好,2,token,,,
个好,3,token,,,
这个是,3,token,,,
那些不好的,3,token,,,
的东西,5,token,,,
不好的事情,2,token,,,
的事情,4,token,,,
它们不,2,token,,,
到你,2,token,,,
你这,2,token,,,
你会,3,token,,,
时候也,2,token,,,
也有,2,token,,,
个习,5,token,,,
个习俗,2,token,,,
是一根红,2,token,,,
红绳,2,token,,,
是老,2,token,,,
会做,2,token,,,
小的,4,token,,,
的孩,2,token,,,
带在,3,token,,,
脚上,2,token,,,
在手上,2,token,,,
在农,2,token,,,
所以那个,2,token,,,
以那,3,token,,,
人就,5,token,,,
你不会,3,token,,,
或者说,3,token,,,
说不,2,token,,,
怎么了,2,token,,,
们也,3,token,,,
端午节的,6,token,,,
端午节的时候,3,token,,,
还有最后一个习,2,token,,,
后一,3,token,,,
一个习,3,token,,,
一个习惯,2,token,,,
那个草,3,token,,,
个草,4,token,,,
很长,10,token,,,
味道很浓,3,token,,,
会把,4,token,,,
把那,3,token,,,
把那个,2,token,,,
家里的,2,token,,,
的大,6,token,,,
我那,2,token,,,
做过,2,token,,,
叫什么,3,token,,,
叫菖蒲,2,token,,,
不是一,3,token,,,
是两,2,token,,,
两三,2,token,,,
在一起的,2,token,,,
蒿子秆,3,token,,,
也用,2,token,,,
上别的,5,token,,,
它是,4,token,,,
是这,3,token,,,
用这,3,token,,,
用这个,2,token,,,
的原因,2,token,,,
是因为,2,token,,,
因为这个,2,token,,,
的味道,2,token,,,
不好的那些,2,token,,,
个不,6,token,,,
们就不,2,token,,,
就不,6,token,,,
你家,2,token,,,
得是,2,token,,,
就是五月,2,token,,,
端午节是,3,token,,,
节是,4,token,,,
是农,4,token,,,
是农历,3,token,,,
是农历五月初五,2,token,,,
农历五月初五,10,token,,,
五月初五,12,token,,,
初五,13,token,,,
般就是,2,token,,,
会有很多,2,token,,,
知道吗,2,token,,,
的一,7,token,,,
的一个,4,token,,,
有的地方,4,token,,,
会把这,2,token,,,
把这,4,token,,,
在身,2,token,,,
身上,2,token,,,
对不对,17,token,,,
这个人,5,token,,,
我听,2,token,,,
说过,2,token,,,
喝雄黄酒,3,token,,,
哪一,2,token,,,
里面说到了,2,token,,,
到了吗,2,token,,,
新白娘子传奇,2,token,,,
白娘子,3,token,,,
白蛇,7,token,,,
我们以前,2,token,,,
过这个,2,token,,,
白蛇娘娘,2,token,,,
一年,2,token,,,
过端午节,8,token,,,
过端午节的,3,token,,,
过端午节的时候,2,token,,,
她的丈夫许仙,2,token,,,
喝了,2,token,,,
就会,3,token,,,
变成蛇,2,token,,,
所以后来,3,token,,,
吓死了,2,token,,,
死了,5,token,,,
果大家,2,token,,,
故事的,2,token,,,
可以去,2,token,,,
差不多是,2,token,,,
前做,2,token,,,
也可以,2,token,,,
视剧,2,token,,,
那一,2,token,,,
开始讲,2,token,,,
是中,18,token,,,
是中国,12,token,,,
是中国民间的传统节日,6,token,,,
中国民间的传统节日—,6,token,,,
国民间的传统节日——,6,token,,,
民间的,12,token,,,
民间的传,9,token,,,
民间的传统节日,8,token,,,
民间的传统节日——端,6,token,,,
间的,15,token,,,
间的传统节日——端午,6,token,,,
的传,17,token,,,
的传统,16,token,,,
的传统节日,13,token,,,
的传统节日——端午节,6,token,,,
传统节日,16,token,,,
—,12,token,,,
个日,2,token,,,
世界上,4,token,,,
世界上别的,3,token,,,
世界上别的国家,2,token,,,
界上,5,token,,,
界上别的,4,token,,,
界上别的国家,3,token,,,
别的国家,7,token,,,
的国,19,token,,,
的国家,18,token,,,
国家是,4,token,,,
是一样,5,token,,,
还有一个,3,token,,,
比如说,21,token,,,
是六月十六号,2,token,,,
六,5,unknown,,,
六月十六号,3,token,,,
所有的,2,token,,,
一个记录时间的日历,2,token,,,
的日,7,token,,,
的日历,3,token,,,
叫农历,3,token,,,
来这,2,token,,,
给农民,2,token,,,
以叫,3,token,,,
以叫农历,2,token,,,
知道什么,2,token,,,
什么时,6,token,,,
什么时候,5,token,,,
么时,7,token,,,
么时候,6,token,,,
种田了,2,token,,,
然后什么时候,2,token,,,
等等等,2,token,,,
所以是,4,token,,,
是个,4,token,,,
个农,2,token,,,
农民看的,2,token,,,
是给,2,token,,,
然后这,3,token,,,
所以可,4,token,,,
所以可以,3,token,,,
可以叫,2,token,,,
人的,7,token,,,
人的生日,2,token,,,
的生,10,token,,,
的生日,7,token,,,
用农历,2,token,,,
现在的,3,token,,,
家用,2,token,,,
用的,3,token,,,
我的生,2,token,,,
是阴历的,2,token,,,
阴历的,3,token,,,
历的,6,token,,,
日都,2,token,,,
有很多的,4,token,,,
的中,2,token,,,
人后,3,token,,,
比如说你,3,token,,,
说你,6,token,,,
生日是,3,token,,,
是什么,5,token,,,
是什么时,2,token,,,
如果你,8,token,,,
如果你告诉他是九月一,2,token,,,
告诉他,3,token,,,
他是,9,token,,,
是九,6,token,,,
是九月一,3,token,,,
九,7,unknown,,,
九月一,7,token,,,
月一,8,token,,,
号的,4,token,,,
他就,4,token,,,
九月一号,6,token,,,
九月一号的时候,2,token,,,
月一号,7,token,,,
的时候说,3,token,,,
他的,12,token,,,
他的生日,2,token,,,
是九月一号,2,token,,,
农历的,3,token,,,
农历的九月一号,2,token,,,
就是很多,2,token,,,
是很多,3,token,,,
国家是不用,2,token,,,
所以他,12,token,,,
他不,4,token,,,
会问,2,token,,,
一个中国人,2,token,,,
个中国人,3,token,,,
你的生日是几月几号,2,token,,,
月五号,2,token,,,
五号,3,token,,,
家会,2,token,,,
不是每,2,token,,,
是每,4,token,,,
用阴历,2,token,,,
日的,3,token,,,
家去,2,token,,,
那个国家,2,token,,,
个国,21,token,,,
个国家,20,token,,,
个国家是,2,token,,,
然后他,4,token,,,
跟你说,4,token,,,
是我的,2,token,,,
很多很多,5,token,,,
很多次,2,token,,,
这个叫,13,token,,,
的意,5,token,,,
的意思,4,token,,,
个民间,4,token,,,
就是中国人,2,token,,,
是中国人,5,token,,,
人过,2,token,,,
怎么说,4,token,,,
怎么说啊,3,token,,,
国的老百,2,token,,,
老百,7,token,,,
百,14,unknown,,,
姓过,2,token,,,
的节日,4,token,,,
会说,4,token,,,
端午节是一个,2,token,,,
节是一,3,token,,,
是一个,18,token,,,
是一个民间的,2,token,,,
个民间的,3,token,,,
个民间的传统节日,2,token,,,
说国庆节,2,token,,,
不会说,2,token,,,
个很有,3,token,,,
可能是,2,token,,,
是说很,2,token,,,
说很,4,token,,,
很早,4,token,,,
前的,7,token,,,
前的人,4,token,,,
开始做,2,token,,,
后来的人,2,token,,,
来的,6,token,,,
的人也在做的,2,token,,,
这样的,3,token,,,
叫民,2,token,,,
很长时间,2,token,,,
历史的,2,token,,,
所以就是,2,token,,,
是传统,4,token,,,
是传统的,2,token,,,
传统的,5,token,,,
很久很久以前,2,token,,,
久很久以前,3,token,,,
久很久以前就开始,2,token,,,
很久以前,5,token,,,
就开始,5,token,,,
做这,4,token,,,
做这个,2,token,,,
这个事情,2,token,,,
现在的人,2,token,,,
你可以说,5,token,,,
可以说,19,token,,,
说是,2,token,,,
因为很,2,token,,,
人就开始,3,token,,,
讲这个,2,token,,,
这个地方,2,token,,,
间有,2,token,,,
有点像,3,token,,,
这个节,3,token,,,
个节,4,token,,,
个节日,2,token,,,
已经是一个,2,token,,,
个历史,2,token,,,
历史了,2,token,,,
的衣服,2,token,,,
以前的,6,token,,,
以前的人,3,token,,,
以前的人就开始,2,token,,,
的人一,2,token,,,
人一,3,token,,,
有很多很多,3,token,,,
传统乐器,2,token,,,
的乐器,2,token,,,
很久以前的,3,token,,,
因为中国,2,token,,,
国的这,2,token,,,
所以在,7,token,,,
它是中华民族古老的传,2,token,,,
是中华民族,6,token,,,
是中华民族古老的传统,2,token,,,
中华民族古老的传统节,2,token,,,
华民族,13,token,,,
华民族古老的传统节日,2,token,,,
民族古老的传统节日之,2,token,,,
族古老的传统节日之一,2,token,,,
古老的,3,token,,,
老的,4,token,,,
的传统节日之一,3,token,,,
是哪,2,token,,,
是来自中,2,token,,,
中华民族的,5,token,,,
我也,3,token,,,
我也是,2,token,,,
是中华民族的,3,token,,,
的历史,4,token,,,
有的人他,2,token,,,
人他,3,token,,,
现在不,3,token,,,
住在,4,token,,,
住在中国,2,token,,,
在中国了,2,token,,,
国了,4,token,,,
是中华民族的一部分,2,token,,,
他们说,4,token,,,
们说,5,token,,,
是可,2,token,,,
可以说他,2,token,,,
说他,6,token,,,
他们是中华民族,2,token,,,
他们的,3,token,,,
的子孙,2,token,,,
他自,4,token,,,
他自己,3,token,,,
你知道中,2,token,,,
这个词是,2,token,,,
是谁,2,token,,,
说的,10,token,,,
一九零二年的时候说,2,token,,,
零,7,token,,,
代的,2,token,,,
说了这,2,token,,,
这个端午节,2,token,,,
是一个很,5,token,,,
一个很,6,token,,,
新的,12,token,,,
是一个很有,2,token,,,
时间很长的,2,token,,,
很长的,3,token,,,
端午也,4,token,,,
端午也称端五,2,token,,,
端五,4,token,,,
这里面,3,token,,,
是中国人两千多年来的,3,token,,,
中国人两千多年来的传,3,token,,,
国人两千多年来的传统,3,token,,,
人两千多年来的传统习,2,token,,,
两千多年,5,token,,,
两千多年来,4,token,,,
两千多年来的传统习俗,2,token,,,
端午节已经,2,token,,,
比如说有的地方会,2,token,,,
系五彩绳,2,token,,,
节日的时候,2,token,,,
做的事情,2,token,,,
中国是七个小的国家,3,token,,,
七,10,unknown,,,
七个,10,token,,,
在什,3,token,,,
就是这个,2,token,,,
中国的历史,2,token,,,
这七个国家,3,token,,,
七个国家,7,token,,,
着苦难的日子,2,token,,,
难的日子,3,token,,,
的日子,4,token,,,
这七个国家它们,2,token,,,
么样,8,token,,,
是好,2,token,,,
它们打,2,token,,,
所以如果,3,token,,,
这个国家,4,token,,,
国家之,3,token,,,
国家之间,2,token,,,
有战争,3,token,,,
个国家里,4,token,,,
个国家里面,3,token,,,
国家里,5,token,,,
国家里面,4,token,,,
的生活,2,token,,,
去打,2,token,,,
而且你,2,token,,,
你的家,3,token,,,
的家,9,token,,,
家可,2,token,,,
啊就是,4,token,,,
就是不,3,token,,,
不容易,2,token,,,
很困,2,token,,,
七个国家里面,2,token,,,
秦国的秦始皇,3,token,,,
秦国的秦始皇想,2,token,,,
想要统一七国,2,token,,,
要统一,4,token,,,
要统一七国,3,token,,,
统一七国,4,token,,,
里面有,2,token,,,
一个国,5,token,,,
一个国家,4,token,,,
是秦国,2,token,,,
想做,3,token,,,
想做什么啊,2,token,,,
什么啊,4,token,,,
他想,5,token,,,
他想要,2,token,,,
就是把,3,token,,,
他把,3,token,,,
然后他想,2,token,,,
用他庞大的军队,2,token,,,
庞大的军,4,token,,,
庞大的军队,3,token,,,
的军,8,token,,,
的军队,5,token,,,
建立一个新的,8,token,,,
建立一个新的王国,3,token,,,
立一个新的,9,token,,,
一个新,12,token,,,
一个新的,11,token,,,
他的军队,2,token,,,
有很多很多的,2,token,,,
很多很多的,3,token,,,
很多很多的人,2,token,,,
很多的人,5,token,,,
多的人,6,token,,,
他打,3,token,,,
他打仗,2,token,,,
他有,5,token,,,
他有很多的,2,token,,,
很多的军人,2,token,,,
但他,2,token,,,
人和,4,token,,,
一个新的国家,5,token,,,
是吗,7,token,,,
所以如果你,2,token,,,
如果你想,3,token,,,
如果你想有一个新,2,token,,,
想有,3,token,,,
建立一个新的家,2,token,,,
立一个新的家,3,token,,,
建立一个新的国家,3,token,,,
那别的,2,token,,,
他们想,3,token,,,
我觉得应该,2,token,,,
自己的,4,token,,,
自己的国家,2,token,,,
在中国南部的楚国,3,token,,,
有位,5,token,,,
有位大臣名叫屈原,4,token,,,
名叫屈原,5,token,,,
所以屈原,4,token,,,
的主,7,token,,,
是楚国,2,token,,,
就是一个,2,token,,,
做事情,2,token,,,
到皇帝,4,token,,,
要做,3,token,,,
要做什么,2,token,,,
见到皇帝,2,token,,,
意思是,2,token,,,
屈原是,5,token,,,
屈原是一,4,token,,,
屈原是一个,3,token,,,
什么样的,3,token,,,
什么样的人,2,token,,,
很有智慧,5,token,,,
有智慧,6,token,,,
而且爱好,3,token,,,
而且爱好和平,2,token,,,
爱好和平,3,token,,,
说一,2,token,,,
知道做什么,2,token,,,
是对的,2,token,,,
对的,3,token,,,
而且他,2,token,,,
很聪明,2,token,,,
远的,2,token,,,
的眼,2,token,,,
什么事情,2,token,,,
说老人,2,token,,,
说小孩很,2,token,,,
国家和国家之,2,token,,,
他希望,2,token,,,
和平的,2,token,,,
作为楚国的大臣,2,token,,,
楚国的,9,token,,,
的大臣,5,token,,,
屈原极力劝说,3,token,,,
极力劝说,5,token,,,
极力劝说楚王,2,token,,,
劝说楚王,3,token,,,
楚王,9,token,,,
维护国家,6,token,,,
维护国家的,4,token,,,
维护国家的独立,3,token,,,
国家的,6,token,,,
家的,7,token,,,
屈原他,3,token,,,
王说,2,token,,,
他说,3,token,,,
我们楚国,2,token,,,
是每天,2,token,,,
天说,2,token,,,
的方,2,token,,,
的想,9,token,,,
的想法,8,token,,,
是让,2,token,,,
说的话,4,token,,,
他很,3,token,,,
他非常,3,token,,,
他非常的,2,token,,,
非常的,4,token,,,
想让,4,token,,,
你相信,2,token,,,
相信他,3,token,,,
跟你说这个话,2,token,,,
说这个,3,token,,,
的什么,3,token,,,
说维护国家,2,token,,,
楚国国内有许多人反对,2,token,,,
国国内有许多人反对这,2,token,,,
国内有,3,token,,,
国内有许多人反对这一,2,token,,,
内有许多人反对这一主,2,token,,,
有许多人反对这一主张,2,token,,,
反对这一,3,token,,,
这一主张,4,token,,,
所以在楚国,2,token,,,
在楚,4,token,,,
是一样的,4,token,,,
一样的想法,2,token,,,
还是有,2,token,,,
有很多人,2,token,,,
和他,2,token,,,
是不同意,2,token,,,
不同意,5,token,,,
不同意屈,2,token,,,
原的,14,token,,,
原的主张,3,token,,,
的主张,6,token,,,
屈原的,12,token,,,
屈原的主张,2,token,,,
的主张是,4,token,,,
我们可以说,4,token,,,
对一个,2,token,,,
就是你的想法,2,token,,,
是你的,3,token,,,
你的想法,4,token,,,
你的想法是一样的,3,token,,,
同意你的看法,2,token,,,
你的看法,4,token,,,
我反对你的,2,token,,,
说我,8,token,,,
和你的想法是一样的,2,token,,,
楚国呀,2,token,,,
人是,4,token,,,
他们反对,2,token,,,
反对屈原的,2,token,,,
就是想,2,token,,,
是想,4,token,,,
像我,2,token,,,
可以说我的主张是,2,token,,,
我的主张是,3,token,,,
像是,2,token,,,
是比,2,token,,,
个国家的,2,token,,,
我觉得我,2,token,,,
我们国家,2,token,,,
应该和那,2,token,,,
是我们,4,token,,,
这些人,3,token,,,
在楚王面前,2,token,,,
前说,2,token,,,
说屈原的坏话,2,token,,,
的坏话,4,token,,,
说他是,4,token,,,
说他是个不可信任的人,3,token,,,
个不可信任的,4,token,,,
不可信任,5,token,,,
所以这些,2,token,,,
说谁,2,token,,,
谁的坏话,2,token,,,
所以他们,3,token,,,
所以他们说,2,token,,,
不可以相信,2,token,,,
你不要相信,2,token,,,
不是一个,2,token,,,
的爱,2,token,,,
信任就是,2,token,,,
是相信,2,token,,,
他们把屈原当作,2,token,,,
把屈原,4,token,,,
把一,3,token,,,
把一个,2,token,,,
那个人,3,token,,,
你非常,2,token,,,
不喜欢,4,token,,,
不想看到他,2,token,,,
到他,3,token,,,
开你的,2,token,,,
开始相信,2,token,,,
人说的话,2,token,,,
把屈原流放了,2,token,,,
他就不,2,token,,,
到一个,3,token,,,
很远,2,token,,,
被流放,6,token,,,
被流放的,5,token,,,
流放的,6,token,,,
流放的时候,2,token,,,
在被流放的,4,token,,,
在被流放的期间,3,token,,,
的期间,5,token,,,
写下了,4,token,,,
写下了许多,3,token,,,
写下了许多动人的诗篇,2,token,,,
多动人的诗篇,3,token,,,
动人的,4,token,,,
的诗,6,token,,,
屈原写下了,3,token,,,
屈原写下了许多,2,token,,,
了一,2,token,,,
在什么什么,2,token,,,
什么什么,3,token,,,
一个东西,3,token,,,
常用的,2,token,,,
比如说我,4,token,,,
二零一,2,token,,,
零一,3,token,,,
五年,3,token,,,
这五年,2,token,,,
在英国,2,token,,,
比如说我在,2,token,,,
认识了,2,token,,,
个中国人都知道,2,token,,,
人都知道,3,token,,,
知道这,3,token,,,
知道吧,2,token,,,
人知道,2,token,,,
学过,2,token,,,
秦始皇占领了,3,token,,,
占领了,5,token,,,
了自己,2,token,,,
占领了楚国,2,token,,,
了楚国,3,token,,,
了你,2,token,,,
说这不是,2,token,,,
这是我,2,token,,,
我用你的,2,token,,,
因为他,4,token,,,
把自己绑在,2,token,,,
绑在,3,token,,,
一块,2,token,,,
石头上,3,token,,,
沉入了汨罗江中,2,token,,,
了汨罗江,4,token,,,
把你,2,token,,,
把这个,3,token,,,
人不,2,token,,,
自杀了,2,token,,,
是在水,2,token,,,
汨罗江的,2,token,,,
他投江自杀,2,token,,,
投江自杀,5,token,,,
楚国的百姓们,3,token,,,
国的百姓,4,token,,,
们知道,2,token,,,
知道这个,2,token,,,
消息之后,2,token,,,
尊敬屈原,3,token,,,
十分尊敬屈原,2,token,,,
事情是,2,token,,,
是想让,2,token,,,
投江自杀的,2,token,,,
大家纷纷,7,token,,,
赶到汨罗江边,5,token,,,
汨罗江边,6,token,,,
一边划船,6,token,,,
一边划船一边敲鼓,4,token,,,
一边敲,5,token,,,
试图赶走鱼群,3,token,,,
听到了,2,token,,,
楚国的人,2,token,,,
到屈原,2,token,,,
大家纷纷赶到汨罗江边,4,token,,,
的人去,2,token,,,
人去,7,token,,,
是有人先去,2,token,,,
有人后去,2,token,,,
有人去,5,token,,,
一直都有人去,2,token,,,
课了,2,token,,,
纷纷离开了,2,token,,,
有的人是九点,3,token,,,
离开的,3,token,,,
有的人是九点零,2,token,,,
做什么呢,2,token,,,
们一,3,token,,,
一件事是,2,token,,,
是敲,2,token,,,
他的尸体,2,token,,,
的尸,5,token,,,
河里,8,token,,,
鱼和虾,3,token,,,
要吃,2,token,,,
那些鱼和虾,2,token,,,
些鱼,3,token,,,
吃屈原的身体,2,token,,,
坐在船上,2,token,,,
将一包包糯米,2,token,,,
一包包糯米,3,token,,,
一包包糯米做成的粽子,2,token,,,
包包糯米做成的粽子扔,2,token,,,
包糯米做成的粽子扔进,2,token,,,
糯米做,7,token,,,
糯米做成的粽子扔进河,2,token,,,
米做,9,token,,,
米做成的粽子扔进河里,2,token,,,
粽子扔进河,3,token,,,
希望鱼,4,token,,,
希望鱼儿们吃,3,token,,,
粽子而让屈原的尸骨得,2,token,,,
子而让屈原的尸骨得到,2,token,,,
而让屈原的,3,token,,,
而让屈原的尸骨得到安,2,token,,,
让屈原的,4,token,,,
让屈原的尸骨得到安息,3,token,,,
他们扔,3,token,,,
他们扔了,2,token,,,
什么东西,2,token,,,
糯米做的,5,token,,,
米做的,7,token,,,
什么是糯米,2,token,,,
是糯米,5,token,,,
那什么,2,token,,,
很黏,2,token,,,
是糯米做的,3,token,,,
们要,2,token,,,
也是糯米做的,2,token,,,
是汤圆,3,token,,,
是吃,2,token,,,
也是黏米做的,2,token,,,
这个将,2,token,,,
他们希望鱼,3,token,,,
他们希望鱼儿们吃粽子,2,token,,,
没有人去,2,token,,,
死者安息,2,token,,,
者安息,3,token,,,
生者坚强,2,token,,,
百姓们一直记着,2,token,,,
沉入汨罗江,2,token,,,
在举行龙舟比赛的同时,2,token,,,
举行龙舟比赛,5,token,,,
大家也敲,2,token,,,
敲鼓打锣,3,token,,,
向河里扔粽子,3,token,,,
扔粽子,4,token,,,
的三,2,token,,,
球比赛,2,token,,,
锣打鼓,10,token,,,
咚咚咚锵锵锵,2,token,,,
锵锵,4,token,,,
的声,3,token,,,
的声音,2,token,,,
可以把,2,token,,,
会敲锣打鼓,2,token,,,
叫什么啊,2,token,,,
信吗,2,token,,,
挺相信的,2,token,,,
相信的,3,token,,,
我住在,2,token,,,
欢迎您,2,token,,,
这个节目,2,token,,,
谢大家,2,token,,,
端午节,83,dict,40489,10.60878561,6
女,274,dict,5946513,15.59831556,2
听,7,dict,6519997,15.69038447,1
故事,21,dict,2328736,14.66083619,3
说,115,dict,52966771,17.78517531,1
中文,4,dict,654899,13.3922363,3
得,9,dict,22420955,16.92550657,2
越,7,dict,4934511,15.41176414,3
好,23,dict,41528330,17.5418864,1
大家,25,dict,11129890,16.22514484,2
今天,4,dict,12378709,16.33148854,1
给,7,dict,28952371,17.18116266,2
带来,1,dict,3580695,15.09106747,
解读,5,dict,213017,12.26912725,
男,270,dict,3847599,15.16295988,2
本期,1,dict,309408,12.64241607,
的,478,dict,943370349,20.6649695,1
节目,4,dict,1815858,14.41206864,3
由,1,dict,12849824,16.36884067,4
我们,59,dict,41787606,17.54811035,1
赞助,1,dict,329355,12.70489148,6
完成,1,dict,5542752,15.52800169,3
在,105,dict,197672850,19.10212395,1
这里,8,dict,5812931,15.57559548,
感谢,2,dict,2204787,14.60614146,4
没有,11,dict,30405623,17.23013812,1
你们,8,dict,8527633,15.95882239,
支持,5,dict,6876120,15.7435651,4
和,26,dict,118878434,18.59361197,1
帮助,1,dict,3665880,15.11457897,2
就,25,dict,65012716,17.99009344,2
这,26,dict,73252887,18.10942822,1
期,1,dict,3391242,15.03670678,
非常,12,dict,8056541,15.90199487,2
谢谢,1,dict,2528380,14.74308934,1
安康,2,dict,72729,11.19449548,
希望,12,dict,8644589,15.97244413,2
有,66,dict,94271573,18.36169025,1
个,95,dict,87859759,18.29125245,1
嗯,74,dict,886946,13.69553938,5
那,20,dict,21808185,16.89779592,1
到,17,dict,50645570,17.74036232,2
今年,10,dict,9714475,16.0891276,
你,114,dict,88487705,18.29837417,1
做,56,dict,23494662,16.9722838,1
了,101,dict,255733044,19.35964466,1
什么,62,dict,17796936,16.69453687,1
呢,25,dict,12641044,16.35245954,1
我,106,dict,169391220,18.94772151,1
哦,42,dict,6312883,15.65810302,6
吃,41,dict,12987492,16.3794973,1
粽子,50,dict,88217,11.38755497,
吗,31,dict,10975592,16.21118446,1
馅,3,dict,87362,11.37781568,
是,229,dict,171296602,18.95890713,1
鸡肉,1,dict,97177,11.48428934,
啊,53,dict,26905491,17.10784095,3
咸,8,dict,269908,12.50583644,4
吧,71,dict,17812571,16.695415,2
想,25,dict,21944953,16.90404774,1
知道,21,dict,9354835,16.05140388,2
哪里,5,dict,2017051,14.5171471,
也,43,dict,77259249,18.16267719,2
不是,26,dict,14890823,16.51625568,
地方,16,dict,5926648,15.59496935,3
没,21,dict,17613557,16.68417945,
错,18,dict,2571415,14.75996689,2
还,19,dict,37384723,17.4367727,2
梦,1,dict,2302502,14.64950692,4
里,11,dict,19397088,16.78063351,1
其实,20,dict,5839402,15.58013895,3
朋友,7,dict,5331707,15.48918201,1
家,12,dict,17971399,16.70429211,1
过,26,dict,21257943,16.87224117,2
他们,39,dict,23760910,16.98355235,
很好,3,dict,2654919,14.7919247,
好吃,3,dict,819558,13.61652045,2
这个,94,dict,24376948,17.00914849,
呀,11,dict,4283819,15.27035546,4
后来,14,dict,2379750,14.682506,3
才,2,dict,11164766,16.22827348,3
中国,40,dict,27811293,17.14095272,1
不同,7,dict,6966512,15.75662523,
不一样,4,dict,937596,13.75107443,
口味,1,dict,461128,13.04143094,5
味道,5,dict,1057809,13.87171035,4
就是,86,dict,21108063,16.86516566,
南方,1,dict,665153,13.40777237,
北方,2,dict,501878,13.12611234,3
它,10,dict,12176287,16.31500093,2
所以,87,dict,8908397,16.00250487,2
老家,4,dict,281358,12.54738316,
东北,1,dict,694073,13.45033242,
嘛,21,dict,2432483,14.7044231,6
话,16,dict,8663934,15.97467945,
般,9,dict,1378728,14.13667189,
甜味,1,dict,21396,9.970959268,
甜,4,dict,514502,13.15095472,3
特别,1,dict,3775279,15.14398485,3
用,19,dict,20512801,16.83655969,3
糯米,15,dict,108990,11.59901141,
红枣,2,dict,122586,11.7165681,
或者,11,dict,4486147,15.31650476,3
蜜枣,2,dict,10826,9.289705927,
起,13,dict,11487882,16.2568033,
然,1,dict,829162,13.62817083,
后,3,dict,33767571,17.33501146,
有的,14,dict,3183017,14.97334005,
时候,35,dict,12888353,16.37183459,1
可以,39,dict,25881411,17.06903555,2
沾,1,dict,234325,12.36446432,
糖,1,dict,1022424,13.83768684,4
不知道,7,dict,4744474,15.37249113,
里面,22,dict,2555210,14.75364497,
面的,6,dict,365382,12.80869866,
枣子,1,dict,8318,9.02617712,
或,1,dict,13198499,16.39561367,
对,144,dict,56546971,17.8505822,2
肉,19,dict,1987246,14.50226032,
以前,16,dict,3076134,14.93918417,3
都,14,dict,52527496,17.77684732,1
放,8,dict,5784906,15.57076267,3
觉得,13,dict,7959167,15.8898349,2
很,55,dict,29046232,17.18439933,1
有意思,3,dict,418458,12.94433181,
因为,23,dict,15060912,16.52761334,2
都是,8,dict,10663292,16.18231775,
去,23,dict,30059353,17.21868442,1
哎,1,dict,1406038,14.15628638,5
怎么,11,dict,8708842,15.97984939,1
还有,16,dict,9517905,16.06868532,
但是,10,dict,11099202,16.22238377,2
第,2,dict,2002074595,21.41744978,
次,5,dict,17518177,16.67874959,2
差,3,dict,2575850,14.76169013,3
不,35,dict,70153387,18.06619465,1
多十三四,1,unknown,,,
岁,3,dict,8215534,15.92153731,1
为,8,dict,57419345,17.86589183,3
这么,2,dict,7829309,15.87338481,
晚,1,dict,3391123,15.03667169,
安徽,2,dict,445891,13.00782981,
某个,2,dict,526563,13.17412626,
小,8,dict,20674943,16.84443304,1
那个,27,dict,5296183,15.48249693,
说法,3,dict,987884,13.80332056,
还要,1,dict,2888314,14.8761835,
注意,1,dict,3732141,15.13249262,3
每一个,2,dict,1120937,13.9296755,
真,4,dict,16020066,16.58935262,2
季节,1,dict,585186,13.27968502,3
现在,7,dict,16365880,16.61070924,1
记得,7,dict,2163744,14.58735061,3
会,32,dict,40026863,17.50506136,1
绿豆糕,2,dict,2779,7.92984643,
绿豆,1,dict,101503,11.52784363,
糕点,1,dict,45131,10.71732465,
鸭蛋,4,dict,65927,11.09630335,
鸭,1,dict,418656,12.94480486,
下,8,dict,26737542,17.1015792,1
蛋,1,dict,1262156,14.04833193,
然后,30,dict,5260934,15.47581914,3
把,32,dict,25511304,17.05463221,3
腌,2,dict,83127,11.32812484,
很咸,1,dict,1626,7.39387829,
蛋黄,5,dict,74272,11.21548931,
人,50,dict,65506298,17.99765685,1
黄月,1,dict,163,5.093750201,
月饼,2,dict,193047,12.17068896,
哎呀,1,dict,376809,12.83949371,
常喜,1,dict,294,5.683579767,
喜欢,9,dict,9589721,16.07620235,1
很多人,7,dict,1044555,13.85910152,
去年,1,dict,5301941,15.48358354,2
花,12,dict,4562491,15.3333793,3
黄放,1,dict,228,5.429345629,
太,3,dict,15451106,16.55319114,1
健康,1,dict,3887813,15.17335735,3
什么是,5,dict,429456,12.97027457,
种花,2,dict,22469,10.01989186,
猪,1,dict,1409322,14.1586193,5
肚子,1,dict,715207,13.48032729,4
上,23,dict,66509925,18.01286174,1
叫,37,dict,7079928,15.7727743,1
一点点,1,unknown,,,
瘦,1,dict,1219941,14.01431305,3
肥,1,dict,885961,13.69442821,
些,1,dict,2344133,14.66742617,1
皮,1,dict,1661628,14.3233084,
反正,1,dict,845527,13.64771538,5
妈,3,dict,2938594,14.89344179,
常,1,dict,3201158,14.97902318,
层,3,dict,2931775,14.8911186,3
一二三,1,unknown,,,
对对,8,dict,76629,11.24673087,
来讲,1,dict,561923,13.23912011,
讲,7,dict,3768916,15.14229798,3
之前,3,dict,3320370,15.01558678,
问,9,dict,6740338,15.72362063,2
件,7,dict,5517461,15.52342835,2
事情,17,dict,5385352,15.49919323,2
不可,9,dict,2087964,14.55169999,
除了,4,dict,3600277,15.09652134,3
以外,4,dict,740176,13.51464327,
来,12,dict,37970033,17.4523078,1
赛龙舟,7,dict,3485,8.156223323,
龙舟,17,dict,46881,10.75536776,
比赛,14,dict,8302273,15.93203989,3
比,1,dict,14464951,16.48723911,2
划船,10,dict,23436,10.06202858,
谁,4,dict,8548190,15.96123012,1
划,7,dict,708705,13.47119464,5
快,1,dict,8057227,15.90208001,2
里赛,1,dict,111,4.709530201,
在家,2,dict,1048507,13.86287781,
家里,8,dict,1982174,14.49970478,
客厅,3,dict,294120,12.59174313,4
两,15,dict,32745515,17.30427656,2
孩子,5,dict,6681697,15.71488256,2
很大,2,dict,2991517,14.91129117,
纸盒,3,dict,23256,10.05431844,
道那,1,dict,149,5.003946306,
小孩子,2,dict,252610,12.43960208,
穿,4,dict,3884646,15.17254242,2
尿布,2,dict,32339,10.38402921,
很多,34,dict,7245918,15.79594883,
盒子,3,dict,141027,11.85670664,4
并,1,dict,19061803,16.76319705,
成,2,dict,10176702,16.13561155,
龙船,1,dict,7725,8.952217102,
龙,3,dict,2295906,14.64663809,5
身体,4,dict,3014124,14.9188198,2
再,1,dict,15399566,16.54984989,2
拿,1,dict,4903114,15.40538107,3
别,10,dict,5547188,15.52880169,2
头,1,dict,5670592,15.55080408,
尾,1,dict,899590,13.70969438,
巴,1,dict,1817799,14.41313699,
船桨,2,dict,2930,7.982757702,
水,5,dict,8153040,15.91390142,1
东西,16,dict,5827002,15.57801319,1
船,1,dict,1254500,14.04224764,3
以往,1,dict,877659,13.68501341,6
往前,1,dict,233472,12.36081743,
走,4,dict,10925488,16.20660897,2
看到,5,dict,9724548,16.09016397,
到了,12,dict,5417555,15.50515516,
应该,13,dict,8001472,15.89513608,3
爸爸,3,dict,1539349,14.24687016,1
当然,1,dict,3415900,15.04395156,3
小孩,4,dict,863654,13.6689275,
纸,1,dict,1756432,14.37879504,
常开,1,dict,177,5.176149733,
开心,2,dict,3008908,14.91708778,4
敲,24,dict,363988,12.80487618,4
鼓,14,dict,296697,12.6004667,
就是赛,1,dict,698,6.548219103,
有人,10,dict,4125753,15.23275911,
妈妈,2,dict,2733513,14.82109815,1
玩,2,dict,4207147,15.2522953,2
实在,3,dict,1399447,14.15158772,4
比较,6,dict,6575380,15.69884293,3
较少,1,dict,288536,12.57257514,
带,7,dict,8410064,15.94493964,3
种,5,dict,14993403,16.52312086,3
手链,2,dict,59297,10.99031399,
彩,8,dict,1109297,13.91923704,
绳,12,dict,177640,12.08751431,
你好,1,dict,659697,13.39953592,
好像,8,dict,2129764,14.57152173,4
努力,2,dict,4574518,15.3360119,3
儿化,1,dict,5304,8.576216532,
颜色,1,dict,1119646,13.92852312,2
拧,1,dict,206355,12.23735327,6
红,3,dict,4084578,15.22272898,2
黄,1,dict,2136383,14.57462477,
绿,1,dict,1070761,13.88388017,3
蓝,1,dict,1606392,14.28950123,3
漂亮,1,dict,1660274,14.32249321,1
系,3,dict,5052225,15.4353393,5
手,3,dict,13266506,16.40075307,
脖,1,dict,454211,13.02631713,
她,6,dict,26689468,17.09977959,1
着,5,dict,45143802,17.62536355,2
辟邪,7,dict,17141,9.749228534,
让,9,dict,21971231,16.90524447,2
运气,3,dict,462955,13.04538514,5
离开,7,dict,2646109,14.78860082,3
年长,1,dict,48169,10.78247094,
告诉,5,dict,5024560,15.42984845,2
邪,1,dict,451222,13.01971474,
那些,10,dict,4520517,15.32413693,
辟,1,dict,116097,11.66218133,
它们,10,dict,2024150,14.52066042,
躲避,1,dict,151960,11.93137261,
避开,1,dict,197055,12.19123816,
想起来,1,dict,200856,12.21034351,
小时候,1,dict,572816,13.25831983,
习俗,10,dict,122588,11.71658442,6
根,3,dict,1712841,14.35366395,5
红色,1,dict,936963,13.75039907,
老人,4,dict,1776058,14.38990686,
几,5,dict,10023845,16.12047731,1
左右,1,dict,4345575,15.28466864,4
孩,1,dict,322987,12.68536735,
子,1,dict,4674640,15.35766271,
脚,2,dict,2010834,14.51406012,3
农村,1,dict,3463634,15.05782888,5
样,9,dict,1111779,13.92147199,
不会,7,dict,8010572,15.89627273,
灾难,1,dict,270410,12.5076946,6
落水,1,dict,62307,11.03982906,
最后,2,dict,7078430,15.77256269,3
习惯,2,dict,2042182,14.5295294,3
采,1,dict,638950,13.36758148,
野草,1,dict,27096,10.20714139,
草,5,dict,1267268,14.05237396,3
长,8,dict,8800220,15.99028728,2
闻,1,dict,623222,13.34265807,5
起来,4,dict,8059704,15.90238739,3
浓,3,dict,468694,13.05770538,5
大门,1,dict,592498,13.29210278,
门上,1,dict,70163,11.15857639,
上面,2,dict,1310429,14.08586512,
那边,2,dict,498433,13.11922446,
菖蒲,5,dict,6681,8.807022956,
种草,1,dict,26336,10.1786921,
蒿子,3,dict,1107,7.009408933,
秆,3,dict,40499,10.60903256,
加上,1,dict,1739983,14.3693859,
记,5,dict,1648943,14.31564503,
清楚,1,dict,2109154,14.56179748,3
猜想,1,dict,106676,11.57755148,
原因,3,dict,4817909,15.38785057,4
所,1,dict,15084080,16.52915044,5
以,2,dict,27963704,17.14641794,4
邪气,1,dict,24269,10.09695509,
不到,2,dict,3324045,15.01669297,
月份,1,dict,2084178,14.54988509,
农历,23,dict,139381,11.84496647,6
月初,12,dict,37173,10.52333797,
刚刚,1,dict,2643675,14.78768055,
入,2,dict,5523397,15.52450363,
夏,1,dict,910767,13.72204238,3
蚊虫,3,dict,29267,10.28421588,
驱赶,1,dict,41569,10.63510998,
驱走,1,dict,13343,9.498747182,
这些,6,dict,11378382,16.2472258,
香料,1,dict,55407,10.92246122,
小包,1,dict,68008,11.12738062,
包里,1,dict,22134,10.00487017,
身,2,dict,5878144,15.58675162,
香,1,dict,1714448,14.35460172,4
包,1,dict,3463373,15.05775353,3
不对,18,dict,669532,13.41433424,
虫子,1,dict,73130,11.19999396,
咬,2,dict,570258,13.25384417,5
个人,13,dict,5264294,15.4764576,5
听说,1,dict,1122251,13.93084705,
国某,1,dict,267,5.587248658,
某些,1,dict,1232701,14.02471825,
喝,6,dict,3881270,15.17167298,1
雄黄酒,3,dict,1803,7.497207223,
哪,5,dict,2578497,14.76271723,1
电影,1,dict,3689714,15.12105951,1
新,16,dict,21776749,16.8963534,2
白,10,dict,3109093,14.9498416,2
娘子,3,dict,90938,11.41793323,
传奇,2,dict,435790,12.98491575,
蛇,10,dict,471482,13.0636362,5
传,5,dict,1980953,14.4990886,
娘娘,2,dict,102389,11.53653456,
年,14,dict,59830333,17.90702333,1
丈夫,2,dict,1090817,13.90243751,2
许仙,2,dict,3844,8.25426877,
请,1,dict,6760332,15.72658256,1
妖精,1,dict,70912,11.16919495,
精,1,dict,972971,13.78810956,
不能,5,dict,10492118,16.16613487,
这种,3,dict,9795387,16.09742212,
酒,1,dict,2310770,14.65309136,
以后,6,dict,5109594,15.44663051,
从,2,dict,29106991,17.18648894,2
变成,6,dict,2136378,14.57462243,
天,2,dict,20457907,16.83388002,
办法,1,dict,3578828,15.09054593,3
吓,1,dict,842989,13.64470919,5
得病,1,dict,28464,10.25639541,
吓死,2,dict,160547,11.98634201,
如果,12,dict,14358816,16.47987467,3
找,3,dict,8427695,15.94703386,2
年前,2,dict,335651,12.72382721,
录,1,dict,836935,13.63750169,
网络,1,dict,4634842,15.34911267,5
检索,1,dict,275771,12.52732609,
电,1,dict,5915529,15.59309149,
视,1,dict,915617,13.72735343,
剧,1,dict,1453125,14.18922697,
集,1,dict,1513931,14.23022014,
好看,1,dict,1414439,14.16224354,
开始,10,dict,13244622,16.39910214,2
国民,6,dict,369773,12.82064458,
民间,18,dict,851894,13.65521738,6
传统,34,dict,3212766,14.98264281,5
节日,23,dict,700342,13.45932407,3
——,6,unknown,,,
国会,1,dict,415072,12.93620728,
日历,4,dict,59886,11.00019803,5
世界,5,dict,9936800,16.1117556,3
国家,53,dict,13546984,16.4216745,3
比如,21,dict,2170874,14.59064041,4
月,16,dict,40981378,17.52862833,1
十六,3,unknown,,,
号,16,dict,7363824,15.81208992,1
所有,2,dict,5983705,15.6045505,4
方都,1,dict,4613,8.436633684,
可是,3,dict,4439141,15.30597145,4
记录,2,dict,1291962,14.07167255,5
时间,7,dict,14785440,16.50915347,2
更多,1,dict,4478653,15.31483289,
农民,5,dict,2920985,14.88743145,5
民用,1,dict,176288,12.0798743,
用来,1,dict,784284,13.57252648,
日子,6,dict,1743121,14.37118774,5
需要,2,dict,10639969,16.18012813,3
种田,2,dict,60695,11.0136166,
收割,1,dict,82300,11.31812639,
收回,1,dict,368159,12.81627019,
回家,2,dict,3177831,14.97170945,
变,2,dict,3496479,15.06726702,
冷,1,dict,2914595,14.88524143,1
等等,4,dict,1436934,14.17802223,
看,7,dict,27275620,17.12150382,1
最,1,dict,19077013,16.76399466,2
叫做,2,dict,458572,13.03587259,
阴历,8,dict,18248,9.811810764,
爷爷,1,dict,477467,13.07625033,3
奶奶,1,dict,524047,13.16933665,3
代,2,dict,2517147,14.73863668,
生日,11,dict,1097618,13.90865294,2
历来,1,dict,161776,11.99396794,6
大部分,1,dict,1371342,14.13130038,
中国人,14,dict,1146867,13.95254443,
来到,1,dict,2508241,14.73509227,
世,1,dict,1452037,14.18847796,
界,1,dict,780134,13.56722098,
去了,5,dict,2037069,14.52702257,
美国,2,dict,11143597,16.22637563,
同事,1,dict,843606,13.64544084,3
来说,2,dict,3885076,15.1726531,
难,4,dict,3149843,14.96286317,3
解释,1,dict,2067656,14.54192616,4
他,91,dict,67051085,18.02096535,1
快乐,4,dict,3444915,15.05240979,2
每年,2,dict,2177341,14.59361497,
不用,2,dict,2028991,14.52304918,
不知,1,dict,1781776,14.39312118,
道,1,dict,13776897,16.43850362,
某,1,dict,3535457,15.07835313,5
个中,3,dict,46687,10.75122103,
告,2,dict,636404,13.36358886,
诉,2,dict,254511,12.44709934,
十一,1,unknown,,,
后人,1,dict,133110,11.79893113,
人家,1,dict,1861769,14.43703767,6
每一,1,dict,1627596,14.30261464,
公,1,dict,2987187,14.9098427,
司,1,dict,534563,13.18920487,
回答,1,dict,1736380,14.36731304,3
跟,7,dict,8722894,15.98146162,3
祝,1,dict,1526790,14.23867805,
生,3,dict,4223429,15.25615792,
日,1,dict,42260866,17.55937206,2
发生,1,dict,7898301,15.88215823,4
初,2,dict,2327589,14.66034353,
意思,5,dict,1414729,14.16244855,2
什么的,4,dict,629278,13.35232841,
人中,1,dict,130721,11.78082056,
老,8,dict,6717974,15.72029718,3
姓,13,dict,446188,13.00849567,2
国庆节,3,dict,68532,11.13505607,5
倒,1,dict,2399404,14.69073093,4
更,1,dict,14182556,16.46752332,3
可能,8,dict,10924987,16.20656311,2
早,4,dict,3857863,15.16562396,
前,3,dict,18590729,16.73817357,
这样,6,dict,15966815,16.58602306,
长时,3,dict,16889,9.734417801,
历史,8,dict,4350507,15.28580295,3
很久,7,dict,733252,13.50524471,
民,1,dict,1839741,14.42513536,
间,3,dict,4464230,15.31160731,
传说,1,dict,668566,13.4128904,5
统和,1,dict,5141,8.545002892,
有点,3,dict,3144740,14.96124177,
像,9,dict,8411623,15.945125,3
就是说,4,dict,241743,12.39563046,
已经,6,dict,18453164,16.7307464,2
经过,1,dict,4663309,15.35523584,3
久,1,dict,1448556,14.18607776,3
说说,1,dict,244829,12.40831529,
衣服,3,dict,932764,13.7459075,1
服饰,2,dict,289302,12.5752264,
食品,1,dict,2140171,14.57639629,
小吃,1,dict,187423,12.14112337,4
美食,1,dict,468040,13.05630904,
文化,1,dict,6715704,15.71995922,3
乐器,4,dict,120137,11.69638804,5
古筝,1,dict,30335,10.32005744,
胡,1,dict,834027,13.63402105,
琵琶,1,dict,63233,11.0545816,
种都,1,dict,135,4.905274778,
古琴,1,dict,25489,10.14600227,
较长,1,dict,206711,12.23907696,
国有,1,dict,834661,13.63478093,
属于,1,dict,2386487,14.68533297,5
于民,1,dict,521,6.255750042,
中华,12,dict,857949,13.66229994,
华民,13,dict,967,6.874198495,
民族,13,dict,2319574,14.65689411,4
古老,4,dict,261486,12.47413602,
之一,3,dict,3127581,14.95577042,
来自,2,dict,3956625,15.19090195,4
国中,1,dict,1450,7.279318835,
住,3,dict,5674865,15.55155733,1
还是,9,dict,14614773,16.49754342,3
部分,3,dict,5271870,15.4778957,4
中,10,dict,65460099,17.99695134,
国人,1,dict,253885,12.44463669,
加,1,dict,5526163,15.52500428,
坡,1,dict,231796,12.35361295,6
马来,1,dict,2023,7.612336837,
西亚,1,dict,106659,11.57739211,
西方,1,dict,997543,13.81305053,
方国,1,dict,1188,7.0800265,
欧洲,1,dict,1942904,14.47969432,5
美,1,dict,8175894,15.91670063,
国,6,dict,4684995,15.35987541,
南美洲,1,dict,28750,10.26639305,
非洲,1,dict,643366,13.37446905,
虽然,1,dict,7553479,15.83751881,2
生活,4,dict,10428809,16.16008263,4
语言,1,dict,1508409,14.22656601,4
子孙,4,dict,86675,11.36992077,
炎黄,1,dict,26234,10.17481156,
黄子,1,dict,1893,7.545918151,
自己,14,dict,34157718,17.34649912,3
不一定,2,dict,618754,13.33546306,
认可,1,dict,560611,13.23678254,6
但,5,dict,29614263,17.20376666,
词,2,dict,1083788,13.89597287,
实是,1,dict,45823,10.73254143,
梁,4,dict,521813,13.16506457,
启,4,dict,236984,12.37574791,
超,4,dict,5557574,15.53067224,
发明,1,dict,373298,12.83013231,5
何许,1,dict,7469,8.9185164,
一九零二,2,unknown,,,
历史上,2,dict,677671,13.4264172,
清代,2,dict,107071,11.58124744,
概念,1,dict,1355997,14.12004754,5
端午,5,dict,22031,10.00020583,
称,4,dict,5556949,15.53055977,5
端,4,dict,1949715,14.48319377,6
端阳,4,dict,3667,8.207129168,
称呼,1,dict,179614,12.09856538,5
千多,5,unknown,,,
经多,1,dict,229,5.433722004,
人们,2,dict,4352946,15.28636342,
庆祝,1,dict,626892,13.34852956,5
方会,2,dict,1589,7.370860167,
周代,4,dict,7835,8.966356155,
什,1,dict,728022,13.49808655,
么,1,dict,5139471,15.45246071,
时代,1,dict,2327266,14.66020475,5
朝代,1,dict,33032,10.40523207,6
叫作,1,dict,40246,10.6027659,
连年,1,dict,69059,11.14271649,6
战争,4,dict,1592167,14.28060654,5
苦难,4,dict,137428,11.83085542,
怎么样,5,dict,927693,13.74045614,1
相处,2,dict,328469,12.70219774,5
打架,1,dict,192537,12.16804362,6
打仗,8,dict,118034,11.678728,6
之间,2,dict,5182775,15.46085119,
不快,1,dict,165352,12.01583181,
要,11,dict,50753034,17.74248196,2
死,4,dict,7572512,15.84003541,4
而且,7,dict,7200892,15.78971547,3
苦,1,dict,1451321,14.18798473,4
不容,2,dict,245876,12.41258262,
容易,2,dict,3353168,15.02541613,3
困,1,dict,1238238,14.02919996,4
又,3,dict,26669137,17.09901754,3
困难,1,dict,2559565,14.75534788,4
秦国,7,dict,43901,10.68969238,
秦,9,dict,374450,12.83321356,
始,10,dict,1115287,13.92462233,
皇,10,dict,818631,13.61538871,
想要,4,dict,1965338,14.4911748,
统一,7,dict,2558887,14.75508296,5
一七,4,unknown,,,
厉害,1,dict,871651,13.67814439,4
强大,1,dict,1522928,14.23614536,
庞大,4,dict,416269,12.93908696,6
军队,5,dict,1062447,13.8760853,6
建立,8,dict,4860074,15.39656422,5
王国,3,dict,174852,12.07169518,
大,2,dict,38361973,17.46257724,1
的士,1,dict,115627,11.65812477,
士兵,1,dict,776996,13.56319048,5
替,1,dict,831817,13.63136774,
刀枪,1,dict,19516,9.878989921,
军人,2,dict,372421,12.82778021,
武器,2,dict,1119802,13.92866244,6
枪,1,dict,920184,13.73232893,5
帮,2,dict,3573358,15.08901633,
打,4,dict,10141725,16.13216866,
盖,2,dict,1022644,13.83790199,5
房子,3,dict,1528535,14.23982032,
造,1,dict,697421,13.45514452,
成立,1,dict,2438618,14.70694204,5
家庭,1,dict,3047727,14.92990662,5
军,1,dict,3783993,15.14629036,
队,1,dict,5050937,15.43508433,
那别,2,dict,185,5.220355825,
大国,1,dict,333072,12.71611396,
小国,1,dict,39904,10.59423185,
不想,5,dict,2996358,14.91290811,
学,4,dict,4458826,15.31039606,
国历,1,dict,3019,8.01268093,
当时,3,dict,4319095,15.27855645,4
国南,3,dict,58,4.060443011,
南部,4,dict,493972,13.11023411,
楚国,26,dict,32080,10.37598806,
位,6,dict,14523517,16.49127976,3
大臣,13,dict,280803,12.54540863,6
名,5,dict,15519462,16.55760541,
叫屈,5,dict,5706,8.649273532,
屈原,53,dict,46654,10.75051395,
主角,1,dict,460330,13.0396989,
秦国人,1,dict,81,4.394449155,
就算,1,dict,1417049,14.1640871,
算是,1,dict,785545,13.57413302,
湖北省,1,dict,173580,12.06439387,
湖北,1,dict,418250,12.94383462,
官,1,dict,1152178,13.95716462,5
皇帝,8,dict,573960,13.26031499,6
做事,2,dict,390340,12.87477343,
每天,6,dict,4042837,15.21245723,
能,2,dict,23909882,16.9898024,1
不要,3,dict,7793782,15.86883679,
都会,3,dict,2456798,14.71436943,
会见,1,dict,418802,12.94515353,
见,2,dict,8490843,15.95449885,
离,1,dict,1951415,14.48406531,2
近,1,dict,4235874,15.25910024,2
普,1,dict,879872,13.68753172,
通,1,dict,2079919,14.54783951,
什么样,3,dict,825600,13.62386567,
聪明,4,dict,750611,13.52864282,3
幽默,1,dict,328373,12.70190544,4
智慧,6,dict,735957,13.50892697,5
爱好,4,dict,366081,12.8106099,3
和平,5,dict,1673726,14.33056284,5
不仅仅是,1,dict,372812,12.82882955,
长远,1,dict,378473,12.84390002,
眼光,1,dict,446845,13.00996706,6
国文化,1,dict,155,5.043425117,
和气,1,dict,40800,10.61643736,6
和好,1,dict,78192,11.26692262,
平,1,dict,2051618,14.53413931,5
平安,2,dict,1041504,13.85617638,5
每个,2,dict,2132753,14.57292419,
之,1,dict,20702277,16.84575425,4
和谐,1,dict,1511179,14.2284007,6
谐和,1,dict,3462,8.149601736,
作为,2,dict,7885316,15.88051285,5
极力,7,dict,150173,11.91954324,
劝说,7,dict,135463,11.81645382,
楚,9,dict,383186,12.85627579,
王维,1,dict,15075,9.620793022,
维护,6,dict,1491166,14.21506892,6
独立,6,dict,1892599,14.45346157,5
王,7,dict,3366522,15.02939072,
需,1,dict,2166327,14.58854366,
国王,2,dict,349559,12.76442764,5
方法,1,dict,5272124,15.47794388,4
想法,9,dict,1109295,13.91923524,
让别,1,dict,767,6.642486801,
别人,1,dict,4535410,15.32742605,3
相信,16,dict,3375201,15.03196544,3
后极,1,dict,10103,9.220587688,
好几,1,dict,599361,13.30361937,
天天,1,dict,1207998,14.004475,
是是,1,dict,45673,10.72926259,
被,7,dict,30434636,17.23109186,3
控制,1,dict,4219934,15.25533005,5
常常,3,dict,917398,13.72929668,
常可,1,dict,2789,7.933438388,
家主,1,dict,32014,10.37392859,
主权,1,dict,246173,12.41378982,6
国国,2,dict,191,5.252273428,
国内,3,dict,4905626,15.40589327,
许多人,2,dict,391636,12.87808812,
反对,10,dict,1584304,14.27565575,4
主张,13,dict,602999,13.30967082,5
所有人,1,dict,584040,13.27772475,
同意,6,dict,1772310,14.38779434,3
屈,2,dict,165337,12.01574109,
原,2,dict,3236891,14.99012386,
看法,4,dict,763018,13.5450369,4
意见,2,dict,2708897,14.8120521,4
说话,1,dict,1801458,14.40410689,2
晚上,1,dict,3682819,15.11918905,2
冰,1,dict,996578,13.81208269,
淇,1,dict,40584,10.61112918,
淋,1,dict,217008,12.2876895,6
吃面,1,dict,31173,10.34730761,
面条,1,dict,116701,11.66737039,2
张更,1,dict,1807,7.499423291,
总统,1,dict,1781610,14.39302801,5
合作,1,dict,5169374,15.45826216,5
来往,1,dict,150749,11.92337148,
生意,1,dict,686053,13.43871016,4
贸易,1,dict,1762572,14.38228466,5
交换,1,dict,565116,13.2447863,5
面,3,dict,5188966,15.46204501,
坏话,5,dict,47366,10.76565995,
可信,5,dict,93833,11.44927189,
信任,6,dict,776468,13.56251071,5
关于,1,dict,3792407,15.14851147,3
好听,1,dict,535740,13.19140425,
爱,2,dict,13772657,16.43819581,
谁谁,1,dict,64587,11.07576843,
当作,2,dict,457576,13.03369827,
眼,4,dict,3645724,15.10906553,
钉,4,dict,263710,12.48260529,
刺,4,dict,689805,13.44416423,6
当,3,dict,10365360,16.15398004,4
讨厌,2,dict,1082401,13.89469228,4
主,1,dict,4249958,15.26241966,
张,1,dict,6157733,15.63321925,3
那可,1,dict,24122,10.09087957,
除掉,2,dict,43651,10.68398147,
让那,2,dict,12665,9.446597562,
电视剧,1,dict,635383,13.36198325,
慢慢,1,dict,1364528,14.12631914,
地,2,dict,35624818,17.38855309,3
流放,11,dict,24070,10.08872153,
天极,1,dict,39514,10.58441032,
王开,1,dict,1269,7.145984468,
古代,1,dict,459108,13.03704076,5
经常,1,dict,2517369,14.73872487,3
常发生,1,dict,1550,7.34601021,
王发,1,dict,288,5.66296048,
发现,1,dict,10125489,16.13056647,3
身边,1,dict,2192839,14.60070761,
远,2,dict,3061803,14.93451452,2
条件,1,dict,4445457,15.30739323,4
艰苦,1,dict,326454,12.69604433,5
丢掉,1,dict,139882,11.84855449,
工作,1,dict,19699227,16.79608995,1
期间,8,dict,3107363,14.94928501,5
作家,1,dict,618891,13.33568445,4
诗人,2,dict,275061,12.52474817,
写,6,dict,4943588,15.41360194,1
许多,3,dict,4256637,15.26398997,4
动人,7,dict,235097,12.36775347,
诗篇,6,dict,30133,10.3133762,
诗,2,dict,971646,13.78674682,5
篇,1,dict,1781666,14.39305944,4
让人,1,dict,2683759,14.80272898,
感动,1,dict,1448124,14.18577948,4
哭,1,dict,2479603,14.72360902,3
诗歌,2,dict,213968,12.27358175,
常用,2,dict,343046,12.74561983,
二零一零,1,unknown,,,
二零一五,1,unknown,,,
英国,2,dict,2521391,14.74032129,
学习,1,dict,5570557,15.53300561,1
英文和,1,dict,88,4.477336814,
西班牙文,1,dict,4704,8.45616849,
北京,1,dict,8540275,15.96030377,1
工作期,1,dict,527,6.267200549,
认识,2,dict,3502311,15.06893359,1
读,1,dict,1849464,14.43040643,1
学期,1,dict,280974,12.54601742,4
其中,1,dict,7646781,15.84979533,4
首,2,dict,3204713,14.9801331,5
离骚,3,dict,5067,8.530504205,
爸,1,dict,1289274,14.06958983,
每个人,1,dict,1096665,13.90778431,
语文,1,dict,447182,13.01072095,
课,1,dict,1435527,14.17704259,2
原知,1,dict,75,4.317488114,
占领,7,dict,331355,12.71094559,6
心爱,1,dict,210125,12.25545787,
祖国,1,dict,889819,13.69877335,6
前秦,1,dict,6978,8.850517622,
床,1,dict,1756978,14.37910585,
睡觉,1,dict,2202995,14.60532836,1
开,1,dict,7960803,15.89004043,1
车,1,dict,9131035,16.02718961,
感觉,1,dict,5647041,15.54664225,4
伤心,2,dict,653267,13.38974121,4
很难,1,dict,1546277,14.25136066,
难过,1,dict,591575,13.29054375,3
楚国人,1,dict,166,5.111987788,
绑,8,dict,212253,12.26553424,
块,1,dict,3871951,15.16926907,1
大石,1,dict,526,6.265301213,
石头,4,dict,475958,13.07308489,5
沉入,5,dict,32563,10.39093195,
汨罗江,11,dict,2664,7.887584032,
江中,2,dict,2000,7.60090246,
绳子,2,dict,127233,11.75377533,5
西和,1,dict,17476,9.76858379,
个别,1,dict,559744,13.23523482,5
分开,1,dict,444893,13.00558908,
情况,1,dict,10685076,16.18435856,4
抓,1,dict,2070653,14.54337457,5
树,1,dict,1531418,14.24170466,3
自杀,7,dict,447721,13.01192555,
重,1,dict,4004920,15.20303416,4
水上,1,dict,158709,11.97482762,
下面,1,dict,1159872,13.96382021,
沉,2,dict,536317,13.19248068,
进去,1,dict,855683,13.65965526,
投,6,dict,2587278,14.76611692,
江,5,dict,1120912,13.9296532,
块石,1,dict,6848,8.831711918,
江里,1,dict,2646,7.880804345,
杀死,1,dict,307573,12.63646774,
们,5,dict,2962827,14.90165444,
消息,3,dict,4560175,15.33287156,4
之后,2,dict,6832942,15.73726589,
尊敬,3,dict,254436,12.44680461,5
出国,1,dict,326843,12.69723521,
分,2,dict,11826179,16.28582619,3
让楚,1,dict,768,6.643789733,
变得,1,dict,1590508,14.27956402,
更好,2,dict,1732520,14.36508755,
听到,5,dict,1975553,14.49635892,
纷纷,10,dict,1396354,14.14937511,5
赶到,5,dict,947960,13.76206759,
江边,6,dict,26096,10.16953732,
边,12,dict,3385425,15.03499001,
试图,3,dict,559251,13.23435367,6
赶走,3,dict,74446,11.21782931,
鱼群,6,dict,7878,8.971829344,
很少,1,dict,968713,13.78372367,
先,2,dict,5527005,15.52515664,3
直,4,dict,1933805,14.47500012,5
下课,1,dict,183572,12.12036224,
教室,1,dict,388532,12.87013081,2
九点,1,unknown,,,
九点零一,1,unknown,,,
九点零,1,unknown,,,
马上,1,dict,1827711,14.41857492,3
就要,1,dict,2201058,14.60444871,
上课,1,dict,703933,13.46443846,
往,1,dict,2499192,14.73147804,2
学校,1,dict,5160143,15.45647485,1
想到,1,dict,2876807,14.87219156,
音乐会,2,dict,198826,12.20018535,
结束,1,dict,3662104,15.1135484,3
体育场,1,dict,138554,11.83901542,
事,3,dict,9941650,16.11224356,
尸体,2,dict,499164,13.12068998,6
河,9,dict,1034613,13.849538,
鱼,7,dict,2028606,14.52285942,2
虾,3,dict,390465,12.87509362,
跑,1,dict,2925078,14.8888317,
吓走,2,dict,7968,8.983188799,
答对,1,dict,33372,10.4154725,
群,1,dict,1928885,14.47245267,5
人群,1,dict,947481,13.76156216,
样子,2,dict,1494022,14.21698237,4
牛群,1,dict,28023,10.24078088,
好使,1,dict,38329,10.55396207,
尝试,1,dict,744692,13.52072599,6
试,2,dict,1747663,14.37379002,3
坐,2,dict,3800762,15.15071213,1
船上,2,dict,177698,12.08784076,
将,2,dict,43057397,17.5780446,
包包,3,dict,248068,12.42145818,
做成,2,dict,241610,12.39508013,
扔,11,dict,539699,13.19876686,4
进,3,dict,4814607,15.38716498,2
鱼儿们,3,dict,2943,7.987184748,
而,3,dict,35787779,17.39311702,4
尸骨,5,dict,26439,10.18259547,
得到,4,dict,6635451,15.7079372,
安息,9,dict,41946,10.64413836,
姓楚,1,dict,944,6.850126166,
米,2,dict,5878861,15.58687359,3
米饭,1,dict,129974,11.77508971,1
那什,2,dict,186,5.225746674,
软,1,dict,898604,13.70859773,5
黏,5,dict,64946,11.08131143,
胶水,1,dict,29664,10.29768947,5
元宵,1,dict,65510,11.08995808,
汤圆,5,dict,102168,11.5343738,
外面,1,dict,1141090,13.9474945,
黏米,2,dict,152,5.023880521,
将就,1,dict,95535,11.46724795,6
以为,1,dict,2687205,14.80401218,4
骨头,1,dict,187361,12.14079252,5
息,2,dict,849932,13.65291163,
休息,2,dict,1474359,14.20373388,2
安,2,dict,1721298,14.35858922,
安静,1,dict,552677,13.22252902,3
打扰,1,dict,191463,12.16244986,4
死者,2,dict,352195,12.77194028,
者,3,dict,3409854,15.04218003,
坚强,2,dict,810301,13.60516106,5
逝,1,dict,206247,12.23682976,
来着,1,dict,154647,11.94890038,
举行,11,dict,3977472,15.196157,4
同时,3,dict,10226733,16.14051573,4
锣,13,dict,71772,11.18124971,
向,3,dict,16135014,16.59650225,3
句,1,dict,3688439,15.12071389,
习,1,dict,158319,11.97236726,
俗,1,dict,202367,12.21783816,
短语,1,dict,34514,10.44912032,
足球,1,dict,1538009,14.24599928,
篮球,1,dict,524399,13.17000812,
唱歌,1,dict,539200,13.19784184,2
文比,1,dict,439,6.084499413,
打鼓,10,dict,19731,9.889946282,
成语,1,dict,63883,11.06480856,5
再说,1,dict,649575,13.38407358,
遍,1,dict,1234983,14.02656776,4
咚咚,4,dict,27014,10.20411053,
锵,6,dict,35115,10.46638367,
声音,3,dict,2237408,14.62082861,3
如,1,dict,8284190,15.92985944,
果,1,dict,1186003,13.98609939,
常常会,1,dict,110,4.700480366,
声,1,dict,5062333,15.437338,
音,1,dict,1011634,13.8270774,
弄,1,dict,1533656,14.24316499,4
响,1,dict,894543,13.70406825,4
鱼儿,1,dict,92321,11.43302691,
春节,1,dict,1320080,14.0932029,
舞龙,1,dict,17981,9.797070924,
龙舞,1,dict,4823,8.48115142,
舞狮,1,dict,18349,9.817330356,
巨大,1,dict,2156717,14.58409772,5
坏,1,dict,1197540,13.99578001,3
霉气,1,dict,2770,7.926602599,
倒霉,1,dict,227349,12.33424156,5
晦气,2,dict,20580,9.932075009,
死人,1,dict,282128,12.55011615,
灵魂,1,dict,556327,13.22911153,6
害,1,dict,594988,13.29629652,
怕,1,dict,2249707,14.62631054,
挺,2,dict,2333515,14.66288627,4
不住,1,dict,898931,13.70896156,
家乡,1,dict,451975,13.02138215,5
信,1,dict,5386015,15.49931634,
态度,1,dict,1947459,14.482036,4
肯定,1,dict,3039742,14.9272832,4
那么,1,dict,8243125,15.92489008,
尊重,1,dict,991451,13.80692481,4
方式,1,dict,5778858,15.56971664,5
纪念,1,dict,843595,13.6454278,5
伟大,1,dict,1552059,14.25509299,5
是故,1,dict,18417,9.82102943,
节,1,dict,2419023,14.6988743,4
欢迎,2,dict,2065915,14.54108379,3
您,4,dict,4560428,15.33292704,2
好评,2,dict,276270,12.52913393,
上关,1,dict,4663,8.447414297,
关注,1,dict,5652031,15.54752551,
推荐,1,dict,3458502,15.05634611,5
老师,1,dict,2997668,14.91334521,1
同学,1,dict,1955697,14.48625721,1
前进,1,dict,699374,13.45794093,
动力,1,dict,1199531,13.99744121,6
谢,2,dict,642625,13.37331663,
下次,1,dict,706760,13.46844642,
再见,2,dict,457344,13.03319112,1
